{"cameraMode":{"drawMode":0,"name":"Shaded","section":"Shading Mode"},"sceneLighting":false,"audioPlay":false,"sceneViewState":{"m_AlwaysRefresh":false,"showFog":true,"showSkybox":true,"showFlares":true,"showImageEffects":true,"showParticleSystems":true,"showVisualEffectGraphs":true,"m_FxEnabled":true},"in2DMode":false,"pivot":{"x":-2.7103002071380617,"y":3.277923822402954,"z":-37.73970031738281},"rotation":{"x":0.0003427996998652816,"y":0.9981918931007385,"z":0.005680467467755079,"w":-0.059980761259794238},"size":14.051337242126465,"orthographic":false}